{"cameraMode":{"drawMode":0,"name":"Shaded","section":"Shading Mode"},"sceneLighting":false,"audioPlay":false,"sceneViewState":{"m_AlwaysRefresh":false,"showFog":true,"showSkybox":false,"showFlares":true,"showImageEffects":true,"showParticleSystems":true,"showVisualEffectGraphs":true,"m_FxEnabled":true},"in2DMode":false,"pivot":{"x":-0.6322513222694397,"y":0.30401119589805605,"z":-44.845726013183597},"rotation":{"x":0.014100393280386925,"y":-0.9907311797142029,"z":0.10301259905099869,"w":0.09347806125879288},"size":9.042008399963379,"orthographic":false}