{"cameraMode":{"drawMode":0,"name":"Shaded","section":"Shading Mode"},"sceneLighting":true,"audioPlay":false,"sceneViewState":{"m_AlwaysRefresh":false,"showFog":true,"showSkybox":true,"showFlares":true,"showImageEffects":true,"showParticleSystems":true,"showVisualEffectGraphs":true,"m_FxEnabled":true},"in2DMode":false,"pivot":{"x":-1.1415162086486817,"y":-0.35886308550834658,"z":-11.129667282104493},"rotation":{"x":0.06035526469349861,"y":0.8268378973007202,"z":-0.09032318741083145,"w":0.5523501634597778},"size":0.8660253882408142,"orthographic":false}