{"cameraMode":{"drawMode":0,"name":"Shaded","section":"Shading Mode"},"sceneLighting":true,"audioPlay":false,"sceneViewState":{"m_AlwaysRefresh":false,"showFog":true,"showSkybox":true,"showFlares":true,"showImageEffects":true,"showParticleSystems":true,"showVisualEffectGraphs":true,"m_FxEnabled":true},"in2DMode":false,"pivot":{"x":-1.1161165237426758,"y":0.17796039581298829,"z":-17.630416870117189},"rotation":{"x":-0.004012982826679945,"y":0.9919455647468567,"z":-0.0003795973607338965,"w":-0.13021855056285859},"size":13.47600269317627,"orthographic":false}