{"cameraMode":{"drawMode":0,"name":"Shaded","section":"Shading Mode"},"sceneLighting":true,"audioPlay":false,"sceneViewState":{"m_AlwaysRefresh":false,"showFog":true,"showSkybox":true,"showFlares":true,"showImageEffects":true,"showParticleSystems":true,"showVisualEffectGraphs":true,"m_FxEnabled":true},"in2DMode":false,"pivot":{"x":1.3342994451522828,"y":-6.375031471252441,"z":1.3529781103134156},"rotation":{"x":-0.43802592158317568,"y":-0.005055122077465057,"z":0.008251689374446869,"w":-0.8994837403297424},"size":12.12435531616211,"orthographic":false}