{"cameraMode":{"drawMode":0,"name":"Shaded","section":"Shading Mode"},"sceneLighting":true,"audioPlay":false,"sceneViewState":{"m_AlwaysRefresh":false,"showFog":true,"showSkybox":true,"showFlares":true,"showImageEffects":true,"showParticleSystems":true,"showVisualEffectGraphs":true,"m_FxEnabled":true},"in2DMode":false,"pivot":{"x":-0.11663956940174103,"y":3.158142328262329,"z":6.043724536895752},"rotation":{"x":-0.002421298762783408,"y":-0.9817221164703369,"z":0.19105561077594758,"w":-0.012516145594418049},"size":0.8660253882408142,"orthographic":false}